file_name,label
0.jpg,0
1.jpg,0
2.jpg,0
3.jpg,1
4.jpg,0
5.jpg,1
6.jpg,0
7.jpg,1
8.jpg,0
9.jpg,0
10.jpg,1
11.jpg,1
12.jpg,0
13.jpg,1
14.jpg,0
15.jpg,1
16.jpg,0
17.jpg,1
18.jpg,0
19.jpg,1
20.jpg,1
21.jpg,0
22.jpg,1
23.jpg,1
24.jpg,1
25.jpg,1
26.jpg,0
27.jpg,1
28.jpg,0
29.jpg,1
30.jpg,0
31.jpg,0
32.jpg,0
33.jpg,1
34.jpg,1
35.jpg,1
36.jpg,1
37.jpg,1
38.jpg,1
39.jpg,1
40.jpg,0
41.jpg,0
42.jpg,0
43.jpg,0
44.jpg,0
45.jpg,0
46.jpg,1
47.jpg,0
48.jpg,0
49.jpg,1
50.jpg,0
51.jpg,0
52.jpg,1
53.jpg,0
54.jpg,1
55.jpg,1
56.jpg,0
57.jpg,0
58.jpg,1
59.jpg,1
60.jpg,1
61.jpg,1
62.jpg,1
63.jpg,1
64.jpg,0
65.jpg,0
66.jpg,0
67.jpg,1
68.jpg,1
69.jpg,1
70.jpg,0
71.jpg,0
72.jpg,0
73.jpg,0
74.jpg,0
75.jpg,0
76.jpg,0
77.jpg,0
78.jpg,1
79.jpg,1
80.jpg,0
81.jpg,1
82.jpg,1
83.jpg,0
84.jpg,1
85.jpg,0
86.jpg,1
87.jpg,1
